name,email,phone
Marc Dubois,marc.dubois@email.fr,5141112201
Sophie Martin,sophie.martin@email.fr,5141112202
Jean Lefebvre,jean.lefebvre@email.fr,5141112203
Marie Durand,marie.durand@email.fr,5141112204
Pierre Bernard,pierre.bernard@email.fr,5141112205
Isabelle Petit,isabelle.petit@email.fr,5141112206
Thomas Robert,thomas.robert@email.fr,5141112207
Camille Richard,camille.richard@email.fr,5141112208
Lucas Moreau,lucas.moreau@email.fr,5141112209
Emma Simon,emma.simon@email.fr,5141112210
Antoine Laurent,antoine.laurent@email.fr,5141112211
Julie Blanc,julie.blanc@email.fr,5141112212
Nicolas Garnier,nicolas.garnier@email.fr,5141112213
Léa Rousseau,lea.rousseau@email.fr,5141112214
Alexandre Bonnet,alex.bonnet@email.fr,5141112215
Chloé Lambert,chloe.lambert@email.fr,5141112216
Maxime Fontaine,maxime.fontaine@email.fr,5141112217
Sarah Chevalier,sarah.chevalier@email.fr,5141112218
Gabriel Dupont,gabriel.dupont@email.fr,5141112219
Manon Girard,manon.girard@email.fr,5141112220
